{
  "w_bvp_mean": -0.436255208333334,
  "w_bvp_std": 138.018719922703,
  "w_bvp_min": -589.62,
  "w_bvp_max": 571.25,
  "w_bvp_median": 5.975,
  "w_bvp_q25": -58.9225,
  "w_bvp_q75": 71.4875,
  "w_bvp_iqr": 130.41,
  "w_bvp_range": 1160.87,
  "w_bvp_rms": 138.0194093876232,
  "w_bvp_energy": 19049.357367708333,
  "w_bvp_skew": -0.529202286757692,
  "w_bvp_kurtosis": 2.5992150207301004,
  "w_bvp_mean_abs_diff": 11.460164105235739,
  "w_bvp_zcr": 0.036467830164105236,
  "w_bvp_dom_freq": 0.75,
  "w_bvp_spec_power": 77138.23370261207,
  "w_bvp_spec_entropy": 2.1531194711418107,
  "w_eda_mean": 9.511629375,
  "w_eda_std": 0.5073988646051966,
  "w_eda_min": 7.950668,
  "w_eda_max": 10.215387,
  "w_eda_median": 9.4939195,
  "w_eda_q25": 9.110565999999999,
  "w_eda_q75": 10.028296749999999,
  "w_eda_iqr": 0.9177307500000005,
  "w_eda_range": 2.2647189999999995,
  "w_eda_rms": 9.52515338328814,
  "w_eda_energy": 90.72854697516551,
  "w_eda_skew": -0.41372818786182924,
  "w_eda_kurtosis": -0.6353848901658554,
  "w_eda_mean_abs_diff": 0.0651569539748954,
  "w_eda_zcr": 0.0,
  "w_eda_dom_freq": 0.016666666666666666,
  "w_eda_spec_power": 15.3958204896552,
  "w_eda_spec_entropy": 2.513561401157896,
  "w_temp_mean": 34.7625,
  "w_temp_std": 0.025041632002195273,
  "w_temp_min": 34.71,
  "w_temp_max": 34.81,
  "w_temp_median": 34.77,
  "w_temp_q25": 34.75,
  "w_temp_q75": 34.79,
  "w_temp_iqr": 0.03999999999999915,
  "w_temp_range": 0.10000000000000142,
  "w_temp_rms": 34.76250901953617,
  "w_temp_energy": 1208.4320333333335,
  "w_temp_skew": -0.15721327891393236,
  "w_temp_kurtosis": -0.6388936104458298,
  "w_temp_mean_abs_diff": 0.003263598326359897,
  "w_temp_zcr": 0.0,
  "w_temp_dom_freq": 0.016666666666666666,
  "w_temp_spec_power": 0.01749100669399149,
  "w_temp_spec_entropy": 2.960715463235001,
  "w_acc_x_mean": 32.709895833333334,
  "w_acc_x_std": 19.257404041194544,
  "w_acc_x_min": -45.0,
  "w_acc_x_max": 99.0,
  "w_acc_x_median": 37.5,
  "w_acc_x_q25": 19.0,
  "w_acc_x_q75": 48.0,
  "w_acc_x_iqr": 29.0,
  "w_acc_x_range": 144.0,
  "w_acc_x_rms": 37.957672423810884,
  "w_acc_x_energy": 1440.7848958333334,
  "w_acc_x_skew": -0.36061523096923137,
  "w_acc_x_kurtosis": -0.27719702458666795,
  "w_acc_x_mean_abs_diff": 3.914538822303283,
  "w_acc_x_zcr": 0.028139656070870246,
  "w_acc_x_dom_freq": 0.25,
  "w_acc_x_spec_power": 1308.5031733238366,
  "w_acc_x_spec_entropy": 3.427016663092379,
  "w_acc_y_mean": -7.323958333333334,
  "w_acc_y_std": 39.32156756791702,
  "w_acc_y_min": -96.0,
  "w_acc_y_max": 56.0,
  "w_acc_y_median": 2.0,
  "w_acc_y_q25": -52.0,
  "w_acc_y_q75": 32.0,
  "w_acc_y_iqr": 84.0,
  "w_acc_y_range": 152.0,
  "w_acc_y_rms": 39.997825461725625,
  "w_acc_y_energy": 1599.8260416666667,
  "w_acc_y_skew": -0.22405481933593543,
  "w_acc_y_kurtosis": -1.3959610434841623,
  "w_acc_y_mean_abs_diff": 2.4299114121938508,
  "w_acc_y_zcr": 0.015112037519541427,
  "w_acc_y_dom_freq": 0.125,
  "w_acc_y_spec_power": 1927.3877790969689,
  "w_acc_y_spec_entropy": 2.54224744670926,
  "w_acc_z_mean": 24.0484375,
  "w_acc_z_std": 23.692061954205823,
  "w_acc_z_min": -47.0,
  "w_acc_z_max": 97.0,
  "w_acc_z_median": 21.0,
  "w_acc_z_q25": 5.0,
  "w_acc_z_q75": 46.0,
  "w_acc_z_iqr": 41.0,
  "w_acc_z_range": 144.0,
  "w_acc_z_rms": 33.75857144242531,
  "w_acc_z_energy": 1139.6411458333334,
  "w_acc_z_skew": 0.05470217460006466,
  "w_acc_z_kurtosis": -0.7509944824556856,
  "w_acc_z_mean_abs_diff": 3.0594059405940595,
  "w_acc_z_zcr": 0.039603960396039604,
  "w_acc_z_dom_freq": 0.125,
  "w_acc_z_spec_power": 2854.084561405488,
  "w_acc_z_spec_entropy": 2.377444651402224,
  "w_acc_mag_mean": 64.22052221786726,
  "w_acc_mag_std": 7.481751759965838,
  "w_acc_mag_min": 30.479501308256342,
  "w_acc_mag_max": 104.01922899156675,
  "w_acc_mag_median": 63.35613624582863,
  "w_acc_mag_q25": 61.73329733620261,
  "w_acc_mag_q75": 66.56950968222793,
  "w_acc_mag_iqr": 4.83621234602532,
  "w_acc_mag_range": 73.5397276833104,
  "w_acc_mag_rms": 64.65486898396233,
  "w_acc_mag_energy": 4180.252083333334,
  "w_acc_mag_skew": 0.4895455554666531,
  "w_acc_mag_kurtosis": 4.782459157019217,
  "w_acc_mag_mean_abs_diff": 3.412737701825404,
  "w_acc_mag_zcr": 0.0,
  "w_acc_mag_dom_freq": 1.875,
  "w_acc_mag_spec_power": 413.3940407245959,
  "w_acc_mag_spec_entropy": 4.1266506274021415,
  "c_acc_x_mean": 0.9019289145214217,
  "c_acc_x_std": 0.055044994071278795,
  "c_acc_x_min": 0.6030000448226929,
  "c_acc_x_max": 2.0169999599456787,
  "c_acc_x_median": 0.9057999849319458,
  "c_acc_x_q25": 0.8833999633789062,
  "c_acc_x_q75": 0.9165999889373779,
  "c_acc_x_iqr": 0.03320002555847168,
  "c_acc_x_range": 1.4139999151229858,
  "c_acc_x_rms": 0.9036070596349374,
  "c_acc_x_energy": 0.8165057182220972,
  "c_acc_x_skew": 5.393384435117541,
  "c_acc_x_kurtosis": 95.69283401516908,
  "c_acc_x_mean_abs_diff": 0.0018828451617842257,
  "c_acc_x_zcr": 0.0,
  "c_acc_x_dom_freq": 2.734375,
  "c_acc_x_spec_power": 0.0008231338551030479,
  "c_acc_x_spec_entropy": 1.2510832682170343,
  "c_acc_y_mean": -0.07720276683710871,
  "c_acc_y_std": 0.10830398475983342,
  "c_acc_y_min": -0.45499998331069946,
  "c_acc_y_max": 0.20940005779266357,
  "c_acc_y_median": -0.06739997863769531,
  "c_acc_y_q25": -0.15299999713897705,
  "c_acc_y_q75": -0.00019997358322143555,
  "c_acc_y_iqr": 0.15280002355575562,
  "c_acc_y_range": 0.664400041103363,
  "c_acc_y_rms": 0.1330038357422943,
  "c_acc_y_energy": 0.017690020322163203,
  "c_acc_y_skew": -0.3920859254965291,
  "c_acc_y_kurtosis": 0.20561435003197825,
  "c_acc_y_mean_abs_diff": 0.001624105317203365,
  "c_acc_y_zcr": 0.004381056691825996,
  "c_acc_y_dom_freq": 2.734375,
  "c_acc_y_spec_power": 0.000288958310195653,
  "c_acc_y_spec_entropy": 1.4209758886152732,
  "c_acc_z_mean": -0.02421376231170836,
  "c_acc_z_std": 0.13791249526443616,
  "c_acc_z_min": -0.4327999949455261,
  "c_acc_z_max": 0.5257999897003174,
  "c_acc_z_median": -0.024200022220611572,
  "c_acc_z_q25": -0.09884999692440033,
  "c_acc_z_q75": 0.01900005340576172,
  "c_acc_z_iqr": 0.11785005033016205,
  "c_acc_z_range": 0.9585999846458435,
  "c_acc_z_rms": 0.14002200768218914,
  "c_acc_z_energy": 0.019606162635351032,
  "c_acc_z_skew": 0.6251705308508696,
  "c_acc_z_kurtosis": 1.34051759238017,
  "c_acc_z_mean_abs_diff": 0.002653729817978487,
  "c_acc_z_zcr": 0.015381318602823877,
  "c_acc_z_dom_freq": 2.734375,
  "c_acc_z_spec_power": 0.0004052191014057462,
  "c_acc_z_spec_entropy": 1.702546815570303,
  "c_acc_mag_mean": 0.9225234689734237,
  "c_acc_mag_std": 0.05246284754806621,
  "c_acc_mag_min": 0.6334366320912299,
  "c_acc_mag_max": 2.031385788728534,
  "c_acc_mag_median": 0.9213517753632603,
  "c_acc_mag_q25": 0.9087309034907068,
  "c_acc_mag_q75": 0.9329819601468675,
  "c_acc_mag_iqr": 0.024251056656160674,
  "c_acc_mag_range": 1.397949156637304,
  "c_acc_mag_rms": 0.9240140156835346,
  "c_acc_mag_energy": 0.8538019011796113,
  "c_acc_mag_skew": 6.563453508634588,
  "c_acc_mag_kurtosis": 116.778900820809,
  "c_acc_mag_mean_abs_diff": 0.0019230252823937706,
  "c_acc_mag_zcr": 0.0,
  "c_acc_mag_dom_freq": 2.734375,
  "c_acc_mag_spec_power": 0.00080144930248871,
  "c_acc_mag_spec_entropy": 1.253302750306949,
  "c_ecg_mean": 0.0005645991734095983,
  "c_ecg_std": 0.2417388134432215,
  "c_ecg_min": -0.5006561279296875,
  "c_ecg_max": 1.4994049072265625,
  "c_ecg_median": -0.04632568359375,
  "c_ecg_q25": -0.1004791259765625,
  "c_ecg_q75": 0.033885955810546875,
  "c_ecg_iqr": 0.13436508178710938,
  "c_ecg_range": 2.00006103515625,
  "c_ecg_rms": 0.2417394727742312,
  "c_ecg_energy": 0.05843797269716327,
  "c_ecg_skew": 3.996036652581966,
  "c_ecg_kurtosis": 19.224050427748875,
  "c_ecg_mean_abs_diff": 0.014693295048226595,
  "c_ecg_zcr": 0.02631015024167242,
  "c_ecg_dom_freq": 5.46875,
  "c_ecg_spec_power": 0.021179309255431638,
  "c_ecg_spec_entropy": 2.373393416911047,
  "c_eda_mean": 2.37957641964867,
  "c_eda_std": 0.030091760167509217,
  "c_eda_min": 2.205657958984375,