{
  "model": "RiskClassifier",
  "architecture": "StandardScaler + MLP(64-32-16, ReLU) + softmax(3)",
  "features": [
    "heart_rate",
    "spo2",
    "temperature_c",
    "steps",
    "calories",
    "sleep_duration_sec"
  ],
  "classes": [
    "normal",
    "warning",
    "high"
  ],
  "training_samples": 51000,
  "test_samples": 9000,
  "test_accuracy": 0.9924,
  "per_class": {
    "normal": {
      "precision": 0.9982445874780573,
      "recall": 0.9861271676300578,
      "f1-score": 0.9921488804885141,
      "support": 1730.0
    },
    "warning": {
      "precision": 0.9827737226277372,
      "recall": 0.9973333333333333,
      "f1-score": 0.99,
      "support": 3375.0
    },
    "high": {
      "precision": 0.9984480082772892,
      "recall": 0.9910141206675225,
      "f1-score": 0.9947171756216983,
      "support": 3895.0
    },
    "accuracy": 0.9924444444444445,
    "macro avg": {
      "precision": 0.9931554394610279,
      "recall": 0.9914915405436379,
      "f1-score": 0.9922886853700708,
      "support": 9000.0
    },
    "weighted avg": {
      "precision": 0.9925310491606326,
      "recall": 0.9924444444444445,
      "f1-score": 0.9924545513657382,
      "support": 9000.0
    }
  },
  "confusion_matrix": [
    [
      1706,
      24,
      0
    ],
    [
      3,
      3366,
      6
    ],
    [
      0,
      35,
      3860
    ]
  ],
  "train_seconds": 10.74,
  "n_iterations": 46,
  "loss_curve_final": 0.01937788111960343
}